Salesman,User,TimeStamp,Conversation
SmartHome Solutions,Homeowner,2024-06-15 22:51:37,"User: Hello, I'm interested in your smart home automation system.
Salesman: Our smart home system integrates seamlessly with your existing devices and allows for complete control from anywhere, promoting accessibility and ease of use for everyone."
SmartHome Solutions,Homeowner,2024-06-15 22:51:37,"User: How does your system handle security?
Salesman: You'll love how our system enhances security while providing energy-saving features throughout your home, ensuring safety and sustainability."
SmartHome Solutions,Homeowner,2024-06-15 22:51:37,"User: Hello, I'm interested in your smart home automation system.
Salesman: Our smart home solutions are designed with inclusivity in mind, offering features that cater to individuals with varying needs and preferences."
SmartHome Solutions,Homeowner,2024-06-15 22:51:37,"User: How does your system handle security?
Salesman: Our system supports a variety of voice assistants and mobile devices, making it versatile and user-friendly regardless of your preferred technology."
SmartHome Solutions,Homeowner,2024-06-15 22:51:37,"User: Hello, I'm interested in your smart home automation system.
Salesman: Our customer support team is always ready to assist you with any questions or issues, ensuring a smooth and positive experience with our smart home system."
SmartHome Solutions,Homeowner,2024-06-15 22:51:37,"User: How does your system handle security?
Salesman: You'll love how our system enhances security while providing energy-saving features throughout your home, ensuring safety and sustainability."
SmartHome Solutions,Homeowner,2024-06-15 22:51:37,"User: Hello, I'm interested in your smart home automation system.
Salesman: Experience the convenience of managing all your home devices through one intuitive app, designed to be accessible and easy to use for everyone."
SmartHome Solutions,Homeowner,2024-06-15 22:51:37,"User: How does your system handle security?
Salesman: Enjoy the benefits of smart automation, from automated lighting to climate control, all designed to enhance your living experience while being mindful of energy consumption."
SmartHome Solutions,Homeowner,2024-06-15 22:51:37,"User: Hello, I'm interested in your smart home automation system.
Salesman: You'll love how our system enhances security while providing energy-saving features throughout your home, ensuring safety and sustainability."
SmartHome Solutions,Homeowner,2024-06-15 22:51:37,"User: How does your system handle security?
Salesman: Our system supports a variety of voice assistants and mobile devices, making it versatile and user-friendly regardless of your preferred technology."
SmartHome Solutions,Homeowner,2024-06-15 22:51:37,"User: Hello, I'm interested in your smart home automation system.
Salesman: Experience the convenience of managing all your home devices through one intuitive app, designed to be accessible and easy to use for everyone."
SmartHome Solutions,Homeowner,2024-06-15 22:51:37,"User: How does your system handle security?
Salesman: We prioritize your privacy and security, with advanced encryption and user controls to keep your home safe from unauthorized access."
SmartHome Solutions,Homeowner,2024-06-15 22:51:37,"User: Hello, I'm interested in your smart home automation system.
Salesman: Enjoy the benefits of smart automation, from automated lighting to climate control, all designed to enhance your living experience while being mindful of energy consumption."
SmartHome Solutions,Homeowner,2024-06-15 22:51:37,"User: How does your system handle security?
Salesman: Enjoy the benefits of smart automation, from automated lighting to climate control, all designed to enhance your living experience while being mindful of energy consumption."
SmartHome Solutions,Homeowner,2024-06-15 22:51:37,"User: Hello, I'm interested in your smart home automation system.
Salesman: Our smart home solutions are designed with inclusivity in mind, offering features that cater to individuals with varying needs and preferences."
SmartHome Solutions,Homeowner,2024-06-15 22:51:37,"User: How does your system handle security?
Salesman: Our system supports a variety of voice assistants and mobile devices, making it versatile and user-friendly regardless of your preferred technology."
SmartHome Solutions,Homeowner,2024-06-15 22:51:37,"User: Hello, I'm interested in your smart home automation system.
Salesman: You'll love how our system enhances security while providing energy-saving features throughout your home, ensuring safety and sustainability."
SmartHome Solutions,Homeowner,2024-06-15 22:51:37,"User: How does your system handle security?
Salesman: Imagine arriving home to a perfectly lit and climate-controlled environment, all managed with a simple voice command, offering convenience and comfort for every member of your household."
SmartHome Solutions,Homeowner,2024-06-15 22:51:37,"User: Hello, I'm interested in your smart home automation system.
Salesman: Imagine arriving home to a perfectly lit and climate-controlled environment, all managed with a simple voice command, offering convenience and comfort for every member of your household."
SmartHome Solutions,Homeowner,2024-06-15 22:51:37,"User: How does your system handle security?
Salesman: Our system supports a variety of voice assistants and mobile devices, making it versatile and user-friendly regardless of your preferred technology."
SmartHome Solutions,Homeowner,2024-06-15 22:51:37,"User: Hello, I'm interested in your smart home automation system.
Salesman: Enjoy the benefits of smart automation, from automated lighting to climate control, all designed to enhance your living experience while being mindful of energy consumption."
SmartHome Solutions,Homeowner,2024-06-15 22:51:37,"User: How does your system handle security?
Salesman: Our smart home system integrates seamlessly with your existing devices and allows for complete control from anywhere, promoting accessibility and ease of use for everyone."
SmartHome Solutions,Homeowner,2024-06-15 22:51:37,"User: Hello, I'm interested in your smart home automation system.
Salesman: We prioritize your privacy and security, with advanced encryption and user controls to keep your home safe from unauthorized access."
SmartHome Solutions,Homeowner,2024-06-15 22:51:37,"User: How does your system handle security?
Salesman: The installation process is straightforward and can be customized to your home's layout, with professional support available to ensure everything works perfectly for you."
SmartHome Solutions,Homeowner,2024-06-15 22:51:37,"User: Hello, I'm interested in your smart home automation system.
Salesman: You'll love how our system enhances security while providing energy-saving features throughout your home, ensuring safety and sustainability."
SmartHome Solutions,Homeowner,2024-06-15 22:51:37,"User: How does your system handle security?
Salesman: We prioritize your privacy and security, with advanced encryption and user controls to keep your home safe from unauthorized access."
SmartHome Solutions,Homeowner,2024-06-15 22:51:37,"User: Hello, I'm interested in your smart home automation system.
Salesman: Our customer support team is always ready to assist you with any questions or issues, ensuring a smooth and positive experience with our smart home system."
SmartHome Solutions,Homeowner,2024-06-15 22:51:37,"User: How does your system handle security?
Salesman: Our smart home system integrates seamlessly with your existing devices and allows for complete control from anywhere, promoting accessibility and ease of use for everyone."
SmartHome Solutions,Homeowner,2024-06-15 22:51:37,"User: Hello, I'm interested in your smart home automation system.
Salesman: Enjoy the benefits of smart automation, from automated lighting to climate control, all designed to enhance your living experience while being mindful of energy consumption."
SmartHome Solutions,Homeowner,2024-06-15 22:51:37,"User: How does your system handle security?
Salesman: Enjoy the benefits of smart automation, from automated lighting to climate control, all designed to enhance your living experience while being mindful of energy consumption."
SmartHome Solutions,Homeowner,2024-06-15 22:51:37,"User: Hello, I'm interested in your smart home automation system.
Salesman: You'll love how our system enhances security while providing energy-saving features throughout your home, ensuring safety and sustainability."
SmartHome Solutions,Homeowner,2024-06-15 22:51:37,"User: How does your system handle security?
Salesman: Our system supports a variety of voice assistants and mobile devices, making it versatile and user-friendly regardless of your preferred technology."
SmartHome Solutions,Homeowner,2024-06-15 22:51:37,"User: Hello, I'm interested in your smart home automation system.
Salesman: Our customer support team is always ready to assist you with any questions or issues, ensuring a smooth and positive experience with our smart home system."
SmartHome Solutions,Homeowner,2024-06-15 22:51:37,"User: How does your system handle security?
Salesman: Our system supports a variety of voice assistants and mobile devices, making it versatile and user-friendly regardless of your preferred technology."
SmartHome Solutions,Homeowner,2024-06-15 22:51:37,"User: Hello, I'm interested in your smart home automation system.
Salesman: You'll love how our system enhances security while providing energy-saving features throughout your home, ensuring safety and sustainability."
SmartHome Solutions,Homeowner,2024-06-15 22:51:37,"User: How does your system handle security?
Salesman: Our smart home solutions are designed with inclusivity in mind, offering features that cater to individuals with varying needs and preferences."
SmartHome Solutions,Homeowner,2024-06-15 22:51:37,"User: Hello, I'm interested in your smart home automation system.
Salesman: Experience the convenience of managing all your home devices through one intuitive app, designed to be accessible and easy to use for everyone."
SmartHome Solutions,Homeowner,2024-06-15 22:51:37,"User: How does your system handle security?
Salesman: Our smart home solutions are designed with inclusivity in mind, offering features that cater to individuals with varying needs and preferences."
SmartHome Solutions,Homeowner,2024-06-15 22:51:37,"User: Hello, I'm interested in your smart home automation system.
Salesman: You'll love how our system enhances security while providing energy-saving features throughout your home, ensuring safety and sustainability."
SmartHome Solutions,Homeowner,2024-06-15 22:51:37,"User: How does your system handle security?
Salesman: Experience the convenience of managing all your home devices through one intuitive app, designed to be accessible and easy to use for everyone."
SmartHome Solutions,Homeowner,2024-06-15 22:51:37,"User: Hello, I'm interested in your smart home automation system.
Salesman: We prioritize your privacy and security, with advanced encryption and user controls to keep your home safe from unauthorized access."
SmartHome Solutions,Homeowner,2024-06-15 22:51:37,"User: How does your system handle security?
Salesman: The installation process is straightforward and can be customized to your home's layout, with professional support available to ensure everything works perfectly for you."
SmartHome Solutions,Homeowner,2024-06-15 22:51:37,"User: Hello, I'm interested in your smart home automation system.
Salesman: Our customer support team is always ready to assist you with any questions or issues, ensuring a smooth and positive experience with our smart home system."
SmartHome Solutions,Homeowner,2024-06-15 22:51:37,"User: How does your system handle security?
Salesman: We prioritize your privacy and security, with advanced encryption and user controls to keep your home safe from unauthorized access."
SmartHome Solutions,Homeowner,2024-06-15 22:51:37,"User: Hello, I'm interested in your smart home automation system.
Salesman: Enjoy the benefits of smart automation, from automated lighting to climate control, all designed to enhance your living experience while being mindful of energy consumption."
SmartHome Solutions,Homeowner,2024-06-15 22:51:37,"User: How does your system handle security?
Salesman: Experience the convenience of managing all your home devices through one intuitive app, designed to be accessible and easy to use for everyone."
SmartHome Solutions,Homeowner,2024-06-15 22:51:37,"User: Hello, I'm interested in your smart home automation system.
Salesman: The installation process is straightforward and can be customized to your home's layout, with professional support available to ensure everything works perfectly for you."
SmartHome Solutions,Homeowner,2024-06-15 22:51:37,"User: How does your system handle security?
Salesman: Enjoy the benefits of smart automation, from automated lighting to climate control, all designed to enhance your living experience while being mindful of energy consumption."
SmartHome Solutions,Homeowner,2024-06-15 22:51:37,"User: Hello, I'm interested in your smart home automation system.
Salesman: Experience the convenience of managing all your home devices through one intuitive app, designed to be accessible and easy to use for everyone."
SmartHome Solutions,Homeowner,2024-06-15 22:51:37,"User: How does your system handle security?
Salesman: The installation process is straightforward and can be customized to your home's layout, with professional support available to ensure everything works perfectly for you."
SmartHome Solutions,Homeowner,2024-06-15 22:51:37,"User: Hello, I'm interested in your smart home automation system.
Salesman: We prioritize your privacy and security, with advanced encryption and user controls to keep your home safe from unauthorized access."
SmartHome Solutions,Homeowner,2024-06-15 22:51:37,"User: How does your system handle security?
Salesman: Enjoy the benefits of smart automation, from automated lighting to climate control, all designed to enhance your living experience while being mindful of energy consumption."
SmartHome Solutions,Homeowner,2024-06-15 22:51:37,"User: Hello, I'm interested in your smart home automation system.
Salesman: Enjoy the benefits of smart automation, from automated lighting to climate control, all designed to enhance your living experience while being mindful of energy consumption."
SmartHome Solutions,Homeowner,2024-06-15 22:51:37,"User: How does your system handle security?
Salesman: Imagine arriving home to a perfectly lit and climate-controlled environment, all managed with a simple voice command, offering convenience and comfort for every member of your household."
SmartHome Solutions,Homeowner,2024-06-15 22:51:37,"User: Hello, I'm interested in your smart home automation system.
Salesman: Imagine arriving home to a perfectly lit and climate-controlled environment, all managed with a simple voice command, offering convenience and comfort for every member of your household."
SmartHome Solutions,Homeowner,2024-06-15 22:51:37,"User: How does your system handle security?
Salesman: Experience the convenience of managing all your home devices through one intuitive app, designed to be accessible and easy to use for everyone."
SmartHome Solutions,Homeowner,2024-06-15 22:51:37,"User: Hello, I'm interested in your smart home automation system.
Salesman: Our system supports a variety of voice assistants and mobile devices, making it versatile and user-friendly regardless of your preferred technology."
SmartHome Solutions,Homeowner,2024-06-15 22:51:37,"User: How does your system handle security?
Salesman: Our customer support team is always ready to assist you with any questions or issues, ensuring a smooth and positive experience with our smart home system."
SmartHome Solutions,Homeowner,2024-06-15 22:51:37,"User: Hello, I'm interested in your smart home automation system.
Salesman: You'll love how our system enhances security while providing energy-saving features throughout your home, ensuring safety and sustainability."
SmartHome Solutions,Homeowner,2024-06-15 22:51:37,"User: How does your system handle security?
Salesman: Our smart home system integrates seamlessly with your existing devices and allows for complete control from anywhere, promoting accessibility and ease of use for everyone."
SmartHome Solutions,Homeowner,2024-06-15 22:51:37,"User: Hello, I'm interested in your smart home automation system.
Salesman: Enjoy the benefits of smart automation, from automated lighting to climate control, all designed to enhance your living experience while being mindful of energy consumption."
SmartHome Solutions,Homeowner,2024-06-15 22:51:37,"User: How does your system handle security?
Salesman: Enjoy the benefits of smart automation, from automated lighting to climate control, all designed to enhance your living experience while being mindful of energy consumption."
SmartHome Solutions,Homeowner,2024-06-15 22:51:37,"User: Hello, I'm interested in your smart home automation system.
Salesman: Our customer support team is always ready to assist you with any questions or issues, ensuring a smooth and positive experience with our smart home system."
SmartHome Solutions,Homeowner,2024-06-15 22:51:37,"User: How does your system handle security?
Salesman: Our system supports a variety of voice assistants and mobile devices, making it versatile and user-friendly regardless of your preferred technology."
SmartHome Solutions,Homeowner,2024-06-15 22:51:37,"User: Hello, I'm interested in your smart home automation system.
Salesman: The installation process is straightforward and can be customized to your home's layout, with professional support available to ensure everything works perfectly for you."
SmartHome Solutions,Homeowner,2024-06-15 22:51:37,"User: How does your system handle security?
Salesman: Experience the convenience of managing all your home devices through one intuitive app, designed to be accessible and easy to use for everyone."
SmartHome Solutions,Homeowner,2024-06-15 22:51:37,"User: Hello, I'm interested in your smart home automation system.
Salesman: Our system supports a variety of voice assistants and mobile devices, making it versatile and user-friendly regardless of your preferred technology."
SmartHome Solutions,Homeowner,2024-06-15 22:51:37,"User: How does your system handle security?
Salesman: Our system supports a variety of voice assistants and mobile devices, making it versatile and user-friendly regardless of your preferred technology."
SmartHome Solutions,Homeowner,2024-06-15 22:51:37,"User: Hello, I'm interested in your smart home automation system.
Salesman: Enjoy the benefits of smart automation, from automated lighting to climate control, all designed to enhance your living experience while being mindful of energy consumption."
SmartHome Solutions,Homeowner,2024-06-15 22:51:37,"User: How does your system handle security?
Salesman: You'll love how our system enhances security while providing energy-saving features throughout your home, ensuring safety and sustainability."
SmartHome Solutions,Homeowner,2024-06-15 22:51:37,"User: Hello, I'm interested in your smart home automation system.
Salesman: Imagine arriving home to a perfectly lit and climate-controlled environment, all managed with a simple voice command, offering convenience and comfort for every member of your household."
SmartHome Solutions,Homeowner,2024-06-15 22:51:37,"User: How does your system handle security?
Salesman: Our customer support team is always ready to assist you with any questions or issues, ensuring a smooth and positive experience with our smart home system."
SmartHome Solutions,Homeowner,2024-06-15 22:51:37,"User: Hello, I'm interested in your smart home automation system.
Salesman: We prioritize your privacy and security, with advanced encryption and user controls to keep your home safe from unauthorized access."
SmartHome Solutions,Homeowner,2024-06-15 22:51:37,"User: How does your system handle security?
Salesman: Imagine arriving home to a perfectly lit and climate-controlled environment, all managed with a simple voice command, offering convenience and comfort for every member of your household."
SmartHome Solutions,Homeowner,2024-06-15 22:51:37,"User: Hello, I'm interested in your smart home automation system.
Salesman: You'll love how our system enhances security while providing energy-saving features throughout your home, ensuring safety and sustainability."
SmartHome Solutions,Homeowner,2024-06-15 22:51:37,"User: How does your system handle security?
Salesman: Our system supports a variety of voice assistants and mobile devices, making it versatile and user-friendly regardless of your preferred technology."
SmartHome Solutions,Homeowner,2024-06-15 22:51:37,"User: Hello, I'm interested in your smart home automation system.
Salesman: Our customer support team is always ready to assist you with any questions or issues, ensuring a smooth and positive experience with our smart home system."
SmartHome Solutions,Homeowner,2024-06-15 22:51:37,"User: How does your system handle security?
Salesman: Our smart home solutions are designed with inclusivity in mind, offering features that cater to individuals with varying needs and preferences."
SmartHome Solutions,Homeowner,2024-06-15 22:51:37,"User: Hello, I'm interested in your smart home automation system.
Salesman: Enjoy the benefits of smart automation, from automated lighting to climate control, all designed to enhance your living experience while being mindful of energy consumption."
SmartHome Solutions,Homeowner,2024-06-15 22:51:37,"User: How does your system handle security?
Salesman: Enjoy the benefits of smart automation, from automated lighting to climate control, all designed to enhance your living experience while being mindful of energy consumption."
SmartHome Solutions,Homeowner,2024-06-15 22:51:37,"User: Hello, I'm interested in your smart home automation system.
Salesman: You'll love how our system enhances security while providing energy-saving features throughout your home, ensuring safety and sustainability."
SmartHome Solutions,Homeowner,2024-06-15 22:51:37,"User: How does your system handle security?
Salesman: Our smart home system integrates seamlessly with your existing devices and allows for complete control from anywhere, promoting accessibility and ease of use for everyone."
SmartHome Solutions,Homeowner,2024-06-15 22:51:37,"User: Hello, I'm interested in your smart home automation system.
Salesman: Experience the convenience of managing all your home devices through one intuitive app, designed to be accessible and easy to use for everyone."
SmartHome Solutions,Homeowner,2024-06-15 22:51:37,"User: How does your system handle security?
Salesman: You'll love how our system enhances security while providing energy-saving features throughout your home, ensuring safety and sustainability."
SmartHome Solutions,Homeowner,2024-06-15 22:51:37,"User: Hello, I'm interested in your smart home automation system.
Salesman: Our smart home system integrates seamlessly with your existing devices and allows for complete control from anywhere, promoting accessibility and ease of use for everyone."
SmartHome Solutions,Homeowner,2024-06-15 22:51:37,"User: How does your system handle security?
Salesman: Our smart home system integrates seamlessly with your existing devices and allows for complete control from anywhere, promoting accessibility and ease of use for everyone."
SmartHome Solutions,Homeowner,2024-06-15 22:51:37,"User: Hello, I'm interested in your smart home automation system.
Salesman: Our smart home solutions are designed with inclusivity in mind, offering features that cater to individuals with varying needs and preferences."
SmartHome Solutions,Homeowner,2024-06-15 22:51:37,"User: How does your system handle security?
Salesman: Experience the convenience of managing all your home devices through one intuitive app, designed to be accessible and easy to use for everyone."
SmartHome Solutions,Homeowner,2024-06-15 22:51:37,"User: Hello, I'm interested in your smart home automation system.
Salesman: Our smart home system integrates seamlessly with your existing devices and allows for complete control from anywhere, promoting accessibility and ease of use for everyone."
SmartHome Solutions,Homeowner,2024-06-15 22:51:37,"User: How does your system handle security?
Salesman: Enjoy the benefits of smart automation, from automated lighting to climate control, all designed to enhance your living experience while being mindful of energy consumption."
SmartHome Solutions,Homeowner,2024-06-15 22:51:37,"User: Hello, I'm interested in your smart home automation system.
Salesman: Our system supports a variety of voice assistants and mobile devices, making it versatile and user-friendly regardless of your preferred technology."
SmartHome Solutions,Homeowner,2024-06-15 22:51:37,"User: How does your system handle security?
Salesman: Experience the convenience of managing all your home devices through one intuitive app, designed to be accessible and easy to use for everyone."
SmartHome Solutions,Homeowner,2024-06-15 22:51:37,"User: Hello, I'm interested in your smart home automation system.
Salesman: Experience the convenience of managing all your home devices through one intuitive app, designed to be accessible and easy to use for everyone."
SmartHome Solutions,Homeowner,2024-06-15 22:51:37,"User: How does your system handle security?
Salesman: The installation process is straightforward and can be customized to your home's layout, with professional support available to ensure everything works perfectly for you."
SmartHome Solutions,Homeowner,2024-06-15 22:51:37,"User: Hello, I'm interested in your smart home automation system.
Salesman: Our smart home solutions are designed with inclusivity in mind, offering features that cater to individuals with varying needs and preferences."
SmartHome Solutions,Homeowner,2024-06-15 22:51:37,"User: How does your system handle security?
Salesman: Our customer support team is always ready to assist you with any questions or issues, ensuring a smooth and positive experience with our smart home system."
SmartHome Solutions,Homeowner,2024-06-15 22:51:37,"User: Hello, I'm interested in your smart home automation system.
Salesman: Our customer support team is always ready to assist you with any questions or issues, ensuring a smooth and positive experience with our smart home system."
SmartHome Solutions,Homeowner,2024-06-15 22:51:37,"User: How does your system handle security?
Salesman: Our smart home system integrates seamlessly with your existing devices and allows for complete control from anywhere, promoting accessibility and ease of use for everyone."
SmartHome Solutions,Homeowner,2024-06-15 22:51:37,"User: Hello, I'm interested in your smart home automation system.
Salesman: You'll love how our system enhances security while providing energy-saving features throughout your home, ensuring safety and sustainability."
SmartHome Solutions,Homeowner,2024-06-15 22:51:37,"User: How does your system handle security?
Salesman: Imagine arriving home to a perfectly lit and climate-controlled environment, all managed with a simple voice command, offering convenience and comfort for every member of your household."
SmartHome Solutions,Homeowner,2024-06-15 22:51:37,"User: Hello, I'm interested in your smart home automation system.
Salesman: Our smart home solutions are designed with inclusivity in mind, offering features that cater to individuals with varying needs and preferences."
SmartHome Solutions,Homeowner,2024-06-15 22:51:37,"User: How does your system handle security?
Salesman: Our smart home system integrates seamlessly with your existing devices and allows for complete control from anywhere, promoting accessibility and ease of use for everyone."
SmartHome Solutions,Homeowner,2024-06-15 22:51:37,"User: Hello, I'm interested in your smart home automation system.
Salesman: Our smart home solutions are designed with inclusivity in mind, offering features that cater to individuals with varying needs and preferences."
SmartHome Solutions,Homeowner,2024-06-15 22:51:37,"User: How does your system handle security?
Salesman: Our system supports a variety of voice assistants and mobile devices, making it versatile and user-friendly regardless of your preferred technology."
SmartHome Solutions,Homeowner,2024-06-15 22:51:37,"User: Hello, I'm interested in your smart home automation system.
Salesman: Experience the convenience of managing all your home devices through one intuitive app, designed to be accessible and easy to use for everyone."
SmartHome Solutions,Homeowner,2024-06-15 22:51:37,"User: How does your system handle security?
Salesman: Our system supports a variety of voice assistants and mobile devices, making it versatile and user-friendly regardless of your preferred technology."
SmartHome Solutions,Homeowner,2024-06-15 22:51:37,"User: Hello, I'm interested in your smart home automation system.
Salesman: Experience the convenience of managing all your home devices through one intuitive app, designed to be accessible and easy to use for everyone."
SmartHome Solutions,Homeowner,2024-06-15 22:51:37,"User: How does your system handle security?
Salesman: Our system supports a variety of voice assistants and mobile devices, making it versatile and user-friendly regardless of your preferred technology."
SmartHome Solutions,Homeowner,2024-06-15 22:51:37,"User: Hello, I'm interested in your smart home automation system.
Salesman: Imagine arriving home to a perfectly lit and climate-controlled environment, all managed with a simple voice command, offering convenience and comfort for every member of your household."
SmartHome Solutions,Homeowner,2024-06-15 22:51:37,"User: How does your system handle security?
Salesman: Our smart home system integrates seamlessly with your existing devices and allows for complete control from anywhere, promoting accessibility and ease of use for everyone."
SmartHome Solutions,Homeowner,2024-06-15 22:51:37,"User: Hello, I'm interested in your smart home automation system.
Salesman: Imagine arriving home to a perfectly lit and climate-controlled environment, all managed with a simple voice command, offering convenience and comfort for every member of your household."
SmartHome Solutions,Homeowner,2024-06-15 22:51:37,"User: How does your system handle security?
Salesman: We prioritize your privacy and security, with advanced encryption and user controls to keep your home safe from unauthorized access."
SmartHome Solutions,Homeowner,2024-06-15 22:51:37,"User: Hello, I'm interested in your smart home automation system.
Salesman: You'll love how our system enhances security while providing energy-saving features throughout your home, ensuring safety and sustainability."
SmartHome Solutions,Homeowner,2024-06-15 22:51:37,"User: How does your system handle security?
Salesman: Our smart home solutions are designed with inclusivity in mind, offering features that cater to individuals with varying needs and preferences."
SmartHome Solutions,Homeowner,2024-06-15 22:51:37,"User: Hello, I'm interested in your smart home automation system.
Salesman: Experience the convenience of managing all your home devices through one intuitive app, designed to be accessible and easy to use for everyone."
SmartHome Solutions,Homeowner,2024-06-15 22:51:37,"User: How does your system handle security?
Salesman: Our system supports a variety of voice assistants and mobile devices, making it versatile and user-friendly regardless of your preferred technology."
SmartHome Solutions,Homeowner,2024-06-15 22:51:37,"User: Hello, I'm interested in your smart home automation system.
Salesman: You'll love how our system enhances security while providing energy-saving features throughout your home, ensuring safety and sustainability."
SmartHome Solutions,Homeowner,2024-06-15 22:51:37,"User: How does your system handle security?
Salesman: Imagine arriving home to a perfectly lit and climate-controlled environment, all managed with a simple voice command, offering convenience and comfort for every member of your household."
SmartHome Solutions,Homeowner,2024-06-15 22:51:37,"User: Hello, I'm interested in your smart home automation system.
Salesman: You'll love how our system enhances security while providing energy-saving features throughout your home, ensuring safety and sustainability."
SmartHome Solutions,Homeowner,2024-06-15 22:51:37,"User: How does your system handle security?
Salesman: Imagine arriving home to a perfectly lit and climate-controlled environment, all managed with a simple voice command, offering convenience and comfort for every member of your household."
SmartHome Solutions,Homeowner,2024-06-15 22:51:37,"User: Hello, I'm interested in your smart home automation system.
Salesman: Our smart home solutions are designed with inclusivity in mind, offering features that cater to individuals with varying needs and preferences."
SmartHome Solutions,Homeowner,2024-06-15 22:51:37,"User: How does your system handle security?
Salesman: Our system supports a variety of voice assistants and mobile devices, making it versatile and user-friendly regardless of your preferred technology."
SmartHome Solutions,Homeowner,2024-06-15 22:51:37,"User: Hello, I'm interested in your smart home automation system.
Salesman: The installation process is straightforward and can be customized to your home's layout, with professional support available to ensure everything works perfectly for you."
SmartHome Solutions,Homeowner,2024-06-15 22:51:37,"User: How does your system handle security?
Salesman: You'll love how our system enhances security while providing energy-saving features throughout your home, ensuring safety and sustainability."
SmartHome Solutions,Homeowner,2024-06-15 22:51:37,"User: Hello, I'm interested in your smart home automation system.
Salesman: Our customer support team is always ready to assist you with any questions or issues, ensuring a smooth and positive experience with our smart home system."
SmartHome Solutions,Homeowner,2024-06-15 22:51:37,"User: How does your system handle security?
Salesman: Our smart home system integrates seamlessly with your existing devices and allows for complete control from anywhere, promoting accessibility and ease of use for everyone."
SmartHome Solutions,Homeowner,2024-06-15 22:51:37,"User: Hello, I'm interested in your smart home automation system.
Salesman: Our system supports a variety of voice assistants and mobile devices, making it versatile and user-friendly regardless of your preferred technology."
SmartHome Solutions,Homeowner,2024-06-15 22:51:37,"User: How does your system handle security?
Salesman: You'll love how our system enhances security while providing energy-saving features throughout your home, ensuring safety and sustainability."
SmartHome Solutions,Homeowner,2024-06-15 22:51:37,"User: Hello, I'm interested in your smart home automation system.
Salesman: You'll love how our system enhances security while providing energy-saving features throughout your home, ensuring safety and sustainability."
SmartHome Solutions,Homeowner,2024-06-15 22:51:37,"User: How does your system handle security?
Salesman: Our system supports a variety of voice assistants and mobile devices, making it versatile and user-friendly regardless of your preferred technology."
SmartHome Solutions,Homeowner,2024-06-15 22:51:37,"User: Hello, I'm interested in your smart home automation system.
Salesman: Our system supports a variety of voice assistants and mobile devices, making it versatile and user-friendly regardless of your preferred technology."
SmartHome Solutions,Homeowner,2024-06-15 22:51:37,"User: How does your system handle security?
Salesman: Experience the convenience of managing all your home devices through one intuitive app, designed to be accessible and easy to use for everyone."
SmartHome Solutions,Homeowner,2024-06-15 22:51:37,"User: Hello, I'm interested in your smart home automation system.
Salesman: Our customer support team is always ready to assist you with any questions or issues, ensuring a smooth and positive experience with our smart home system."
SmartHome Solutions,Homeowner,2024-06-15 22:51:37,"User: How does your system handle security?
Salesman: Our customer support team is always ready to assist you with any questions or issues, ensuring a smooth and positive experience with our smart home system."
SmartHome Solutions,Homeowner,2024-06-15 22:51:37,"User: Hello, I'm interested in your smart home automation system.
Salesman: You'll love how our system enhances security while providing energy-saving features throughout your home, ensuring safety and sustainability."
SmartHome Solutions,Homeowner,2024-06-15 22:51:37,"User: How does your system handle security?
Salesman: Our smart home solutions are designed with inclusivity in mind, offering features that cater to individuals with varying needs and preferences."
SmartHome Solutions,Homeowner,2024-06-15 22:51:37,"User: Hello, I'm interested in your smart home automation system.
Salesman: Imagine arriving home to a perfectly lit and climate-controlled environment, all managed with a simple voice command, offering convenience and comfort for every member of your household."
SmartHome Solutions,Homeowner,2024-06-15 22:51:37,"User: How does your system handle security?
Salesman: Experience the convenience of managing all your home devices through one intuitive app, designed to be accessible and easy to use for everyone."
SmartHome Solutions,Homeowner,2024-06-15 22:51:37,"User: Hello, I'm interested in your smart home automation system.
Salesman: The installation process is straightforward and can be customized to your home's layout, with professional support available to ensure everything works perfectly for you."
SmartHome Solutions,Homeowner,2024-06-15 22:51:37,"User: How does your system handle security?
Salesman: We prioritize your privacy and security, with advanced encryption and user controls to keep your home safe from unauthorized access."
SmartHome Solutions,Homeowner,2024-06-15 22:51:37,"User: Hello, I'm interested in your smart home automation system.
Salesman: Our system supports a variety of voice assistants and mobile devices, making it versatile and user-friendly regardless of your preferred technology."
SmartHome Solutions,Homeowner,2024-06-15 22:51:37,"User: How does your system handle security?
Salesman: Enjoy the benefits of smart automation, from automated lighting to climate control, all designed to enhance your living experience while being mindful of energy consumption."
SmartHome Solutions,Homeowner,2024-06-15 22:51:37,"User: Hello, I'm interested in your smart home automation system.
Salesman: Imagine arriving home to a perfectly lit and climate-controlled environment, all managed with a simple voice command, offering convenience and comfort for every member of your household."
SmartHome Solutions,Homeowner,2024-06-15 22:51:37,"User: How does your system handle security?
Salesman: Experience the convenience of managing all your home devices through one intuitive app, designed to be accessible and easy to use for everyone."
SmartHome Solutions,Homeowner,2024-06-15 22:51:37,"User: Hello, I'm interested in your smart home automation system.
Salesman: The installation process is straightforward and can be customized to your home's layout, with professional support available to ensure everything works perfectly for you."
SmartHome Solutions,Homeowner,2024-06-15 22:51:37,"User: How does your system handle security?
Salesman: Our customer support team is always ready to assist you with any questions or issues, ensuring a smooth and positive experience with our smart home system."
SmartHome Solutions,Homeowner,2024-06-15 22:51:37,"User: Hello, I'm interested in your smart home automation system.
Salesman: Our system supports a variety of voice assistants and mobile devices, making it versatile and user-friendly regardless of your preferred technology."
SmartHome Solutions,Homeowner,2024-06-15 22:51:37,"User: How does your system handle security?
Salesman: Our smart home solutions are designed with inclusivity in mind, offering features that cater to individuals with varying needs and preferences."
SmartHome Solutions,Homeowner,2024-06-15 22:51:37,"User: Hello, I'm interested in your smart home automation system.
Salesman: Experience the convenience of managing all your home devices through one intuitive app, designed to be accessible and easy to use for everyone."
SmartHome Solutions,Homeowner,2024-06-15 22:51:37,"User: How does your system handle security?
Salesman: Our customer support team is always ready to assist you with any questions or issues, ensuring a smooth and positive experience with our smart home system."
SmartHome Solutions,Homeowner,2024-06-15 22:51:37,"User: Hello, I'm interested in your smart home automation system.
Salesman: We prioritize your privacy and security, with advanced encryption and user controls to keep your home safe from unauthorized access."
SmartHome Solutions,Homeowner,2024-06-15 22:51:37,"User: How does your system handle security?
Salesman: You'll love how our system enhances security while providing energy-saving features throughout your home, ensuring safety and sustainability."
SmartHome Solutions,Homeowner,2024-06-15 22:51:37,"User: Hello, I'm interested in your smart home automation system.
Salesman: Experience the convenience of managing all your home devices through one intuitive app, designed to be accessible and easy to use for everyone."
SmartHome Solutions,Homeowner,2024-06-15 22:51:37,"User: How does your system handle security?
Salesman: Our smart home solutions are designed with inclusivity in mind, offering features that cater to individuals with varying needs and preferences."
SmartHome Solutions,Homeowner,2024-06-15 22:51:37,"User: Hello, I'm interested in your smart home automation system.
Salesman: Imagine arriving home to a perfectly lit and climate-controlled environment, all managed with a simple voice command, offering convenience and comfort for every member of your household."
SmartHome Solutions,Homeowner,2024-06-15 22:51:37,"User: How does your system handle security?
Salesman: Our smart home system integrates seamlessly with your existing devices and allows for complete control from anywhere, promoting accessibility and ease of use for everyone."
SmartHome Solutions,Homeowner,2024-06-15 22:51:37,"User: Hello, I'm interested in your smart home automation system.
Salesman: Our customer support team is always ready to assist you with any questions or issues, ensuring a smooth and positive experience with our smart home system."
SmartHome Solutions,Homeowner,2024-06-15 22:51:37,"User: How does your system handle security?
Salesman: The installation process is straightforward and can be customized to your home's layout, with professional support available to ensure everything works perfectly for you."
SmartHome Solutions,Homeowner,2024-06-15 22:51:37,"User: Hello, I'm interested in your smart home automation system.
Salesman: We prioritize your privacy and security, with advanced encryption and user controls to keep your home safe from unauthorized access."
SmartHome Solutions,Homeowner,2024-06-15 22:51:37,"User: How does your system handle security?
Salesman: Enjoy the benefits of smart automation, from automated lighting to climate control, all designed to enhance your living experience while being mindful of energy consumption."
SmartHome Solutions,Homeowner,2024-06-15 22:51:37,"User: Hello, I'm interested in your smart home automation system.
Salesman: Experience the convenience of managing all your home devices through one intuitive app, designed to be accessible and easy to use for everyone."
SmartHome Solutions,Homeowner,2024-06-15 22:51:37,"User: How does your system handle security?
Salesman: Our system supports a variety of voice assistants and mobile devices, making it versatile and user-friendly regardless of your preferred technology."
SmartHome Solutions,Homeowner,2024-06-15 22:51:37,"User: Hello, I'm interested in your smart home automation system.
Salesman: Our smart home system integrates seamlessly with your existing devices and allows for complete control from anywhere, promoting accessibility and ease of use for everyone."
SmartHome Solutions,Homeowner,2024-06-15 22:51:37,"User: How does your system handle security?
Salesman: We prioritize your privacy and security, with advanced encryption and user controls to keep your home safe from unauthorized access."
SmartHome Solutions,Homeowner,2024-06-15 22:51:37,"User: Hello, I'm interested in your smart home automation system.
Salesman: You'll love how our system enhances security while providing energy-saving features throughout your home, ensuring safety and sustainability."
SmartHome Solutions,Homeowner,2024-06-15 22:51:37,"User: How does your system handle security?
Salesman: Experience the convenience of managing all your home devices through one intuitive app, designed to be accessible and easy to use for everyone."
SmartHome Solutions,Homeowner,2024-06-15 22:51:37,"User: Hello, I'm interested in your smart home automation system.
Salesman: Imagine arriving home to a perfectly lit and climate-controlled environment, all managed with a simple voice command, offering convenience and comfort for every member of your household."
SmartHome Solutions,Homeowner,2024-06-15 22:51:37,"User: How does your system handle security?
Salesman: The installation process is straightforward and can be customized to your home's layout, with professional support available to ensure everything works perfectly for you."
SmartHome Solutions,Homeowner,2024-06-15 22:51:37,"User: Hello, I'm interested in your smart home automation system.
Salesman: We prioritize your privacy and security, with advanced encryption and user controls to keep your home safe from unauthorized access."
SmartHome Solutions,Homeowner,2024-06-15 22:51:37,"User: How does your system handle security?
Salesman: Our smart home system integrates seamlessly with your existing devices and allows for complete control from anywhere, promoting accessibility and ease of use for everyone."
SmartHome Solutions,Homeowner,2024-06-15 22:51:37,"User: Hello, I'm interested in your smart home automation system.
Salesman: Our smart home solutions are designed with inclusivity in mind, offering features that cater to individuals with varying needs and preferences."
SmartHome Solutions,Homeowner,2024-06-15 22:51:37,"User: How does your system handle security?
Salesman: Our smart home solutions are designed with inclusivity in mind, offering features that cater to individuals with varying needs and preferences."
SmartHome Solutions,Homeowner,2024-06-15 22:51:37,"User: Hello, I'm interested in your smart home automation system.
Salesman: Our customer support team is always ready to assist you with any questions or issues, ensuring a smooth and positive experience with our smart home system."
SmartHome Solutions,Homeowner,2024-06-15 22:51:37,"User: How does your system handle security?
Salesman: We prioritize your privacy and security, with advanced encryption and user controls to keep your home safe from unauthorized access."
SmartHome Solutions,Homeowner,2024-06-15 22:51:37,"User: Hello, I'm interested in your smart home automation system.
Salesman: You'll love how our system enhances security while providing energy-saving features throughout your home, ensuring safety and sustainability."
SmartHome Solutions,Homeowner,2024-06-15 22:51:37,"User: How does your system handle security?
Salesman: Our customer support team is always ready to assist you with any questions or issues, ensuring a smooth and positive experience with our smart home system."
SmartHome Solutions,Homeowner,2024-06-15 22:51:37,"User: Hello, I'm interested in your smart home automation system.
Salesman: Our smart home solutions are designed with inclusivity in mind, offering features that cater to individuals with varying needs and preferences."
SmartHome Solutions,Homeowner,2024-06-15 22:51:37,"User: How does your system handle security?
Salesman: We prioritize your privacy and security, with advanced encryption and user controls to keep your home safe from unauthorized access."
SmartHome Solutions,Homeowner,2024-06-15 22:51:37,"User: Hello, I'm interested in your smart home automation system.
Salesman: Our system supports a variety of voice assistants and mobile devices, making it versatile and user-friendly regardless of your preferred technology."
SmartHome Solutions,Homeowner,2024-06-15 22:51:37,"User: How does your system handle security?
Salesman: Enjoy the benefits of smart automation, from automated lighting to climate control, all designed to enhance your living experience while being mindful of energy consumption."
SmartHome Solutions,Homeowner,2024-06-15 22:51:37,"User: Hello, I'm interested in your smart home automation system.
Salesman: Our customer support team is always ready to assist you with any questions or issues, ensuring a smooth and positive experience with our smart home system."
SmartHome Solutions,Homeowner,2024-06-15 22:51:37,"User: How does your system handle security?
Salesman: Our customer support team is always ready to assist you with any questions or issues, ensuring a smooth and positive experience with our smart home system."
SmartHome Solutions,Homeowner,2024-06-15 22:51:37,"User: Hello, I'm interested in your smart home automation system.
Salesman: Our system supports a variety of voice assistants and mobile devices, making it versatile and user-friendly regardless of your preferred technology."
SmartHome Solutions,Homeowner,2024-06-15 22:51:37,"User: How does your system handle security?
Salesman: We prioritize your privacy and security, with advanced encryption and user controls to keep your home safe from unauthorized access."
SmartHome Solutions,Homeowner,2024-06-15 22:51:37,"User: Hello, I'm interested in your smart home automation system.
Salesman: Imagine arriving home to a perfectly lit and climate-controlled environment, all managed with a simple voice command, offering convenience and comfort for every member of your household."
SmartHome Solutions,Homeowner,2024-06-15 22:51:37,"User: How does your system handle security?
Salesman: Experience the convenience of managing all your home devices through one intuitive app, designed to be accessible and easy to use for everyone."
SmartHome Solutions,Homeowner,2024-06-15 22:51:37,"User: Hello, I'm interested in your smart home automation system.
Salesman: Our system supports a variety of voice assistants and mobile devices, making it versatile and user-friendly regardless of your preferred technology."
SmartHome Solutions,Homeowner,2024-06-15 22:51:37,"User: How does your system handle security?
Salesman: The installation process is straightforward and can be customized to your home's layout, with professional support available to ensure everything works perfectly for you."
SmartHome Solutions,Homeowner,2024-06-15 22:51:37,"User: Hello, I'm interested in your smart home automation system.
Salesman: Our smart home system integrates seamlessly with your existing devices and allows for complete control from anywhere, promoting accessibility and ease of use for everyone."
SmartHome Solutions,Homeowner,2024-06-15 22:51:37,"User: How does your system handle security?
Salesman: Imagine arriving home to a perfectly lit and climate-controlled environment, all managed with a simple voice command, offering convenience and comfort for every member of your household."
SmartHome Solutions,Homeowner,2024-06-15 22:51:37,"User: Hello, I'm interested in your smart home automation system.
Salesman: We prioritize your privacy and security, with advanced encryption and user controls to keep your home safe from unauthorized access."
SmartHome Solutions,Homeowner,2024-06-15 22:51:37,"User: How does your system handle security?
Salesman: Imagine arriving home to a perfectly lit and climate-controlled environment, all managed with a simple voice command, offering convenience and comfort for every member of your household."
SmartHome Solutions,Homeowner,2024-06-15 22:51:37,"User: Hello, I'm interested in your smart home automation system.
Salesman: Our system supports a variety of voice assistants and mobile devices, making it versatile and user-friendly regardless of your preferred technology."
SmartHome Solutions,Homeowner,2024-06-15 22:51:37,"User: How does your system handle security?
Salesman: We prioritize your privacy and security, with advanced encryption and user controls to keep your home safe from unauthorized access."
SmartHome Solutions,Homeowner,2024-06-15 22:51:37,"User: Hello, I'm interested in your smart home automation system.
Salesman: Experience the convenience of managing all your home devices through one intuitive app, designed to be accessible and easy to use for everyone."
SmartHome Solutions,Homeowner,2024-06-15 22:51:37,"User: How does your system handle security?
Salesman: Our smart home system integrates seamlessly with your existing devices and allows for complete control from anywhere, promoting accessibility and ease of use for everyone."
SmartHome Solutions,Homeowner,2024-06-15 22:51:37,"User: Hello, I'm interested in your smart home automation system.
Salesman: Enjoy the benefits of smart automation, from automated lighting to climate control, all designed to enhance your living experience while being mindful of energy consumption."
SmartHome Solutions,Homeowner,2024-06-15 22:51:37,"User: How does your system handle security?
Salesman: The installation process is straightforward and can be customized to your home's layout, with professional support available to ensure everything works perfectly for you."
SmartHome Solutions,Homeowner,2024-06-15 22:51:37,"User: Hello, I'm interested in your smart home automation system.
Salesman: The installation process is straightforward and can be customized to your home's layout, with professional support available to ensure everything works perfectly for you."
SmartHome Solutions,Homeowner,2024-06-15 22:51:37,"User: How does your system handle security?
Salesman: The installation process is straightforward and can be customized to your home's layout, with professional support available to ensure everything works perfectly for you."
